FirstName,LastName,Gender,DateOfBirth,Email,PhoneNumber,Address,City,State,PostalCode,Country,LoyaltyProgramID
Alexander,Anderson,M,1/27/1995,fosterbreanna@example.org,(496)304-8369,394 Martin Estates Port Katherine  CA 98741,Joeton,Georgia,44418,Tunisia,5
Michele,Dixon,M,1/5/2021,mcdonaldamanda@example.com,9456050871,0289 Simmons Pass Suite 335 East Brenda  WA 62741,South Robin,Mississippi,98268,Brunei Darussalam,2
Emily,Mendez,F,1/26/2005,juliemiller@example.net,-10357,61599 Patricia Squares Suite 280 Port Kristyton  NJ 94002,Wrightview,Missouri,92432,American Samoa,2
Charles,Johnson,M,8/19/2021,lindarussell@example.net,6589124931,766 Price Bypass Apt. 403 West Cindyport  AS 59780,Colemanborough,Colorado,17005,Suriname,2
Jennifer,Schmidt,F,12/9/2004,berrybrandon@example.org,291-938-2068x9392,309 Strong Light Apt. 690 Lake Omarchester  MN 61919,South Jessica,North Dakota,45492,Ethiopia,5
Anthony,Roberson,F,10/15/1975,bridgetsmith@example.net,548.892.2628x54329,40985 Clark Well South Shawnshire  GA 02645,Lake Normantown,South Carolina,68721,Syrian Arab Republic,5
Elizabeth,Castro,F,12/31/1991,melaniegolden@example.com,+1-298-441-5278x900,Unit 5724 Box 6508 DPO AE 14596,Catherinebury,Virginia,85200,Central African Republic,4
Kylie,Fuller,F,7/1/2005,eric43@example.net,399.976.8746,Unit 5838 Box 8686 DPO AP 27947,Lake Amanda,Minnesota,50831,El Salvador,4
Terri,Nichols,M,10/29/1977,hnichols@example.net,200-633-6194x259,47399 Reed View Apt. 461 Jessicastad  FL 09210,South Richardmouth,Wisconsin,8616,Cape Verde,4
Laura,Hoffman,F,9/12/2009,victorwelch@example.org,+1-712-892-6440x876,650 David Throughway South Michelle  MD 61021,South Mirandaside,Oregon,53180,Fiji,4
Margaret,Fitzpatrick,M,6/29/2009,karenfranco@example.org,(626)796-8802x0941,0382 Hall Passage Rossborough  WV 30888,Port Manuel,Indiana,26188,El Salvador,5
Lorraine,Randall,F,6/27/1985,lunacynthia@example.net,688-673-8913,317 Timothy Bridge Lake Stephanieport  PR 29501,New Richard,Delaware,29702,Swaziland,1
Shannon,Johnson,M,3/16/1973,harperterri@example.com,725.300.3022x451,37439 Nancy Lights Apt. 831 Adamfort  VI 86508,North Danielshire,Georgia,35260,American Samoa,2
Lisa,Stewart,F,3/12/1976,newmannicholas@example.com,291-485-4157x8740,099 Anne Club Andreaville  AR 11159,West Samuel,Massachusetts,54636,Burkina Faso,5
Tyler,Williams,M,11/9/1991,robertnavarro@example.com,(200)888-9059x64597,09282 Donald Hill Lake Anthony  MI 06269,East Johnberg,Kansas,94141,Brazil,5
Olivia,Garza,F,4/15/1986,chad08@example.com,001-880-913-2814x06809,318 Jackson Route Baileyberg  NM 61709,Coffeytown,Arkansas,53442,Armenia,4
Kimberly,Bridges,F,2/8/1992,monica63@example.org,001-399-814-9427x434,4447 Taylor Village Suite 862 Osborneport  NC 27210,Jamesview,Maine,92617,Guernsey,1
Andrew,Hamilton,M,4/18/1981,abernard@example.com,(911)833-4659x218,873 Morgan Burgs Stevensland  MH 55985,West Antoniotown,Alaska,14635,Greenland,1
Taylor,Thompson,F,6/9/2004,browndavid@example.org,5002090937,USS Brown FPO AE 44538,Natalieton,Michigan,50648,Seychelles,1
Jacqueline,Santiago,F,5/31/2023,qhernandez@example.net,+1-491-554-0149x43180,02275 Pope Trail Suite 749 Andrehaven  SC 35530,Jamesburgh,Georgia,1411,Grenada,2
Gary,Williams,F,8/6/1992,kelli59@example.net,001-275-425-6544,741 Benjamin Inlet Daughertychester  OH 58086,North Kelseytown,California,6937,Panama,3
Alexa,Todd,F,9/6/1990,antoniopatterson@example.com,(294)785-7233,249 Ellis Spur Port Brandonfort  NC 92940,Fishershire,Maine,50802,Korea,2
Ryan,Phelps,M,8/23/1977,christinestokes@example.net,(581)888-0349x087,417 Tyler Manors Lake Sarah  KY 08356,Lawrencehaven,Utah,93911,Eritrea,5
Blake,Bradford,M,4/8/1986,isalas@example.com,(557)619-4079x688,00925 Jennifer Manors Suite 160 North Michaelborough  KS 64394,North Chad,Alaska,53893,Lesotho,3
Joshua,Armstrong,M,11/10/1973,eshannon@example.net,(392)295-0866x692,685 Sawyer Brooks Suite 226 West Stephanie  MI 98871,Lake Karen,Rhode Island,77803,Honduras,3
Alicia,Allen,F,9/28/2001,brian06@example.org,(795)304-2872,0533 Jensen Lake Hendersonshire  OH 43837,Hickschester,Illinois,98365,Samoa,2
Daniel,Bryant,M,12/1/2018,jamesarroyo@example.org,+1-414-674-3430x610,563 David Square Suite 185 Port Steven  NJ 16384,East Jason,Minnesota,21153,Myanmar,4
Eric,Perez,M,6/14/1989,hicksmary@example.com,653-794-1400x8727,84708 Ortiz Shoal Lisahaven  PA 56644,Gilesland,Utah,8754,Bhutan,1
Ryan,Rios,M,1/26/1984,matthewsroger@example.com,+1-463-694-3414x81972,93113 Ariel Village Hornestad  AS 34416,Juliafort,South Carolina,74217,Bahamas,2
Matthew,Hodge,M,7/15/1997,martinezkelli@example.net,3608819360,63049 George Orchard Suite 293 Matthewstad  UT 27632,Lake Jonathanton,New Jersey,94904,Thailand,1
Glenn,Sims,F,8/27/1973,hillwayne@example.net,490-398-4876x2138,16965 Walter Motorway Apt. 350 Melissafort  OR 54839,Robinshire,Mississippi,91250,Lesotho,2
Christine,Manning,F,9/22/1985,mlong@example.org,001-597-377-3566,5932 Amber Wells Apt. 616 Baldwinchester  NM 34502,Lisaborough,Oklahoma,88588,New Zealand,5
Bobby,Potter,F,12/1/2000,johnsmith@example.com,(711)897-2921,Unit 5467 Box 6122 DPO AE 67367,West Heatherton,Louisiana,67471,Andorra,3
Matthew,Hudson,F,11/16/1991,anthonybrooks@example.net,288.711.1697x78905,5623 Christine Avenue Thomasland  WY 87742,Lorrainefurt,Nevada,51823,Bolivia,5
Chad,Taylor,M,8/30/2016,danieljohnson@example.net,(987)385-3919x1834,730 Kelly Field South Jonathanhaven  TX 87727,Hintonburgh,North Carolina,63074,Chile,4
Elizabeth,Brown,F,6/16/2023,nwarren@example.com,4073674855,115 Wesley Circle Gainestown  PW 79427,East Oliviahaven,North Carolina,27640,Serbia,4
Kathryn,Cox,F,9/25/1987,tracybest@example.org,286-831-7946,0580 Zimmerman Forks Port Brittany  MI 00921,Garymouth,Illinois,16386,French Guiana,2
Patricia,Lopez,M,1/14/1997,brittanydavid@example.org,-6688,074 Brown Passage Wongstad  IL 45334,Lewiston,New York,65124,Rwanda,1
Paul,Cook,F,12/25/1982,yjohnson@example.net,230.965.6177x335,61214 John Flats Suite 619 Kellyfurt  AK 79909,East Lauren,Oklahoma,4321,Chile,2
Laura,Jones,F,10/20/1993,georgemolly@example.com,(857)735-4561x02465,Unit 4889 Box 5191 DPO AE 38983,Nguyenberg,Rhode Island,12784,Gibraltar,2
Peter,Moore,M,3/1/1988,jasonmiller@example.net,235.340.4176,190 Jasmin Plain Apt. 645 Lisaport  ID 30055,New Carlville,West Virginia,43462,Anguilla,2
Robert,Smith,M,5/10/1993,iday@example.org,+1-221-765-4785x42573,040 Valenzuela Falls Suite 791 Jonesfurt  MD 42224,Jenniferhaven,New Mexico,71014,Slovakia (Slovak Republic),5
Mary,Jackson,M,3/2/1977,russelllaura@example.net,467.747.2391x78662,02353 Lynn Centers Apt. 578 North Cynthia  AK 94121,Rodriguezborough,Florida,17748,Saudi Arabia,1
Lisa,Hall,M,10/13/1992,bjackson@example.net,6705906108,7719 Andersen Plains South Joelfort  NV 34891,Barrettview,New Mexico,80240,South Georgia and the South Sandwich Islands,3
Charles,Brennan,M,5/19/1974,jtorres@example.com,001-967-275-9509,PSC 0605  Box 5207 APO AP 21975,East Roberttown,Iowa,73593,Marshall Islands,3
Ashley,Jarvis,M,3/25/1991,brenda26@example.com,856-866-7472x001,1741 Barnett Street Kathleenmouth  ND 23444,North Adam,Florida,75456,Seychelles,4
Dillon,Hall,M,4/18/2021,simmonsjoshua@example.net,425-495-9801x65808,404 Morgan Union Suite 889 New Gabrielaland  WY 60390,Miguelborough,Texas,88572,Svalbard & Jan Mayen Islands,1
Margaret,Jones,F,9/30/1984,fergusonkaitlyn@example.org,4636058861,66678 Jordan Ports East Josephport  AS 47361,Bakerfort,Kentucky,31583,Latvia,1
Dawn,Morales,M,5/29/1988,rodriguezblake@example.net,659-535-5069x354,016 Cathy Parkway North Michellefort  MA 98654,South Tiffany,California,84345,Mexico,1
Brittany,Hale,M,3/4/1994,michelejohnson@example.org,592.898.9006x2382,36061 Chavez Street Apt. 659 East Lindaview  NV 69737,South Tara,Alabama,30949,Paraguay,5
David,Chan,M,6/15/2021,kennethfigueroa@example.com,+1-496-742-5929x8720,849 Johnson Garden Suite 881 East Justinmouth  IL 42725,West Jessica,Illinois,21723,Hong Kong,4
Jorge,Summers,F,12/13/2011,carrie47@example.org,-8974,USS Baker FPO AE 95816,Robertport,South Carolina,20234,Turkmenistan,1
Christine,Jackson,F,4/29/2005,david12@example.org,353-474-6958x12737,405 Jon Springs Apt. 271 New Aaron  IA 04673,Powersfurt,Maryland,4931,Martinique,2
Candace,Mueller,F,8/11/2015,woodlucas@example.com,656-877-6318,230 David Estates Johnsonview  MO 75930,Hillmouth,Vermont,60204,Kuwait,4
William,Garcia,M,2/26/1983,zmiller@example.net,+1-319-703-4750x52763,692 Choi Mountain Montgomeryport  LA 98173,Andersonfort,Oklahoma,30857,Bermuda,1
Andrew,Crawford,F,3/6/1970,rebecca54@example.net,+1-219-388-2393x584,84938 Williams Wells Nicoleborough  HI 51330,Codyshire,Kentucky,98361,Gambia,5
Michelle,Jones,F,4/22/1982,zmcdonald@example.com,-2201,3840 Davidson Junctions Apt. 079 North Kristen  WY 42937,Lake Samantha,Nevada,23076,Brazil,1
Kathleen,Hall,F,3/10/2015,johnsonmatthew@example.net,250-564-9159x40997,2571 Richardson Crescent Apt. 223 New Savannah  KS 24835,South Thomas,Massachusetts,76421,Suriname,5
Ann,Allen,F,11/4/1986,oscott@example.net,001-583-762-8935x5181,USCGC Lucas FPO AA 36520,Ashleyborough,Indiana,18061,Antigua and Barbuda,2
Robin,Walker,M,2/23/1993,fernando69@example.org,(789)983-3977,48370 Conway Creek Apt. 574 South Daniel  WA 28365,East Robert,Idaho,87639,French Guiana,1
Brooke,Soto,F,11/2/1986,mark22@example.com,362-811-7242x08490,919 Tina Run Suite 933 North William  WV 51633,Jasmineview,Arkansas,45212,South Africa,4
Kenneth,Pratt,M,8/19/1998,gjordan@example.org,001-555-965-2550x548,5622 Samuel Mountain Chanview  OK 57708,South Donaldfort,Washington,72718,Heard Island and McDonald Islands,4
Kimberly,Jones,F,5/21/2004,mackjeffrey@example.org,531.907.0498x008,799 Nichols Points North Jamie  WY 66139,West Charlesport,Maryland,63542,Seychelles,3
Jeremy,Frank,F,10/29/2011,natashacook@example.org,(870)919-3555,5259 Payne Garden North Andrew  MA 21709,Johnsontown,South Dakota,65502,El Salvador,2
Christopher,Smith,M,2/1/1973,kristi31@example.org,+1-961-595-9262x8365,419 Harrison Street Port Amyburgh  FL 13783,Myersville,Virginia,30504,Cyprus,4
Robert,Wilcox,Not Specified,10/20/1970,gwheeler@example.net,247-217-8594x4836,3376 Martinez Ranch Suite 182 South Sylviatown  CT 16978,Beckstad,Vermont,37445,Bahamas,3
Christine,West,F,8/27/2006,ylittle@example.com,868.252.0568x70293,722 Donna Mountain Suite 723 Catherineburgh  ID 42847,New Lindsaychester,California,4847,Timor-Leste,2
Stephen,Chapman,F,2/24/2007,zanderson@example.org,701-463-0181,3334 Nichole Brook Suite 599 Stephaniemouth  PA 14028,Port Paulachester,Florida,55728,Belgium,4
Anne,Boone,F,3/29/1979,shawchristopher@example.com,986.744.2276,92407 Lynch Row Apt. 606 Smithhaven  ID 81460,North Todd,Utah,88561,Hungary,1
Wayne,Lang,M,7/6/1997,robinsoncindy@example.com,337-381-6303,416 Craig Mills Suite 417 New Danny  VT 18192,Brittanyborough,New Jersey,50377,Taiwan,1
Mary,Johnson,Not Specified,2/2/2023,zbell@example.net,338.613.1172,0983 Warren Crossing Apt. 062 Torresfurt  NC 78888,South Maryfort,Nebraska,52526,Chile,4
Regina,Cole,M,5/17/1995,whitneyconnie@example.com,001-397-568-4732x0969,04318 Lambert Cliffs Apt. 921 Port Alyssahaven  PA 84574,Smithview,Mississippi,59216,Burkina Faso,5
Reginald,Fritz,Others,5/3/1970,cameroncassidy@example.com,688-828-5533x689,5630 Rowe Rapids Suite 246 Lake Christineview  TN 20442,Lake Heidi,Alaska,26456,Maldives,5
Jeremiah,Wright,M,5/15/2015,tracy20@example.net,(640)765-5985x138,5732 Wells Wells Markshire  PA 94152,West Samantha,Oregon,8999,Bolivia,3
Cynthia,Price,F,9/24/1976,santoscassidy@example.net,001-799-591-3544x6918,497 Heather Harbor South Brent  DE 42920,Lake Kelsey,South Carolina,26444,Chile,3
Derek,Jones,M,2/20/2022,jeremycook@example.com,(486)957-6085,PSC 0093  Box 3810 APO AE 61891,North Brentton,Missouri,57793,Estonia,1
Justin,Butler,Not Specified,10/16/1981,kimberlygarcia@example.org,609.748.1597x59048,2971 Amy Street East Manuelville  NH 76897,West Carlyport,Virginia,66668,Grenada,5
Kayla,Saunders,Not Specified,11/19/1983,erikgutierrez@example.org,+1-463-649-2748x9814,275 James Cliff Suite 031 West Williamfort  NM 78867,Hunterbury,Idaho,23138,India,1
James,Sanchez,Not Specified,8/14/2006,kylefrancis@example.com,319-734-4990,Unit 3375 Box 5060 DPO AA 91870,East David,Michigan,55635,Bosnia and Herzegovina,5
Lindsey,Smith,Not Specified,8/20/1978,mcguireelizabeth@example.com,498-863-2550,2711 David Glens Apt. 404 Danielberg  IN 33159,Hectormouth,South Dakota,57986,Kazakhstan,3
William,James,Not Specified,7/17/2006,johnny78@example.net,-5762,78080 Rogers Branch Apt. 904 Port Teresashire  MT 99349,Amychester,Oklahoma,72878,Guernsey,4
Ryan,Butler,Not Specified,5/3/2021,sarahmcdonald@example.org,(476)984-8497,4437 Rachel Shores Suite 956 New Tonya  DE 02940,South Jessicashire,North Carolina,57559,Korea,3
Patricia,Wilson,Not Specified,5/28/1996,ijohnson@example.com,9784190970,2627 Jennifer Squares Suite 325 Montoyamouth  IL 49957,Emilyborough,Oklahoma,29172,Kuwait,1
Michael,Cunningham,M,5/6/1984,jeffreymarshall@example.org,769.975.0951,2943 Stacey Corner Christinatown  LA 10282,New Kevinview,Alabama,96653,Timor-Leste,4
Carrie,Silva,M,7/22/2009,stephaniebaker@example.net,303-772-5043,40548 Patterson Prairie Suite 295 Douglashaven  MS 31899,East Jacobton,Missouri,90677,Guatemala,4
Brett,Moore,Others,1/27/1972,murphyluis@example.net,3139658688,31014 Ryan Vista East Matthewshire  VA 96587,Amyburgh,Kentucky,71403,Cuba,4
Tracy,Williams,Not Specified,2/5/1990,frenchalison@example.org,4954248643,27804 Barnett Islands Suite 565 Lake Dana  FL 65371,New Morganburgh,California,40825,Kuwait,5
George,Cook,F,6/20/1995,jenniferlevy@example.net,915-413-9302x895,9078 Kim Ferry Suite 226 Morganview  LA 92892,Simsside,Vermont,34664,Monaco,4
Jesse,Oneill,F,7/21/2015,xwilson@example.org,883-282-0997x979,3005 James Rapids Davidmouth  NH 34612,Tracymouth,Idaho,13448,Saint Kitts and Nevis,1
Katherine,Cortez,M,5/18/1972,mary77@example.net,001-345-513-1258x0047,PSC 6298  Box 7077 APO AA 18246,Morganborough,New Mexico,33088,Pitcairn Islands,4
Alexandria,Moore,Others,7/31/1975,thomas95@example.com,001-861-715-7513x756,8883 William Bridge East Haleyside  IL 63883,Lake Madisonport,Florida,9390,Guernsey,3
Jeffrey,Gonzalez,Not Specified,8/26/2002,bradleymurray@example.org,(224)496-1482,USNS Salazar FPO AE 87794,South Brian,Oregon,39433,Bosnia and Herzegovina,5
Linda,Jacobson,F,5/8/1997,tbanks@example.net,+1-784-778-0926x894,53378 Tammy Row Apt. 030 West Makayla  PW 95647,Port Charles,Alaska,40732,Cape Verde,2
Kelly,Jones,Not Specified,3/10/1996,julie15@example.org,-2809,1755 Rogers Highway New Jennifertown  GU 06509,Jamesmouth,Oregon,16306,Burkina Faso,4
Maria,Goodman,Others,7/19/1982,gregorynguyen@example.com,941.955.4295,660 Ward Tunnel Apt. 734 Cookstad  ME 42475,Lunatown,Nebraska,75773,Cocos (Keeling) Islands,3
Jill,Martinez,Others,12/18/1992,aalvarez@example.com,587.675.8349x372,1794 Jason Harbors Apt. 419 Triciaborough  CA 14034,East Jennifer,Mississippi,16740,Lesotho,3
Aaron,Ramirez,M,5/26/1996,singhray@example.com,001-837-405-7616x876,1607 Chapman Freeway Suite 869 Walkertown  NJ 33861,North Rachelton,Texas,25516,Faroe Islands,3
Mark,Bennett,Not Specified,6/23/1997,usparks@example.com,987-781-4873x449,51518 Cathy Rapids Kellyburgh  NH 32688,Kevinside,Indiana,50531,Luxembourg,3
Nathan,Jordan,Others,10/20/1976,xrobinson@example.net,001-542-223-6346,65319 Porter Tunnel North Samantha  NJ 89011,Elizabethborough,Alaska,62494,Poland,3
Emily,Fisher,M,3/14/2015,goodscott@example.org,626.599.0361x75876,06347 Everett Parkway Suite 339 Patriciaport  WV 50864,West Belindaton,Washington,43875,Northern Mariana Islands,3
